dataset,model,horizon_len,origin,mse_scaled,mae_scaled,dtw_scaled,tdi_scaled,total_variation_ratio,total_variation_ratio_error,high_frequency_energy_ratio,high_frequency_energy_ratio_error,target_col,input_mode,protocol,fig_path,experiment,lookback_seq_len
ETTm1,DLinear_L336,720,46080,0.027205555875973723,0.13165211971800536,0.05356642808931183,0.005825982869696479,1.2332107843976055,0.20962117015211182,0.5227558880378086,0.6486406580248317,OT,univariate target-only,fastdtw_rolling_origin_scaled_variation_diagnostics,,lookback_sensitivity,336
ETTm1,PatchTST_L336,720,46080,0.03438949865281763,0.15349028947455884,0.07073614893270053,0.07705159148089637,0.6096773514402161,0.49482537741179217,0.49747327928086027,0.6982134137125613,OT,univariate target-only,fastdtw_rolling_origin_scaled_variation_diagnostics,,lookback_sensitivity,336
ETTm1,iTransformer_L336,720,46080,0.029924392172477627,0.14180829640573123,0.060965804697289974,0.0006072795112464062,0.31817881697212924,1.1451417052919284,0.44647628150109403,0.8063689786171435,OT,univariate target-only,fastdtw_rolling_origin_scaled_variation_diagnostics,,lookback_sensitivity,336
ETTm1,DLinear_L720,720,46080,0.03967586098079052,0.15776092801576247,0.05687466186949294,0.0394496380596641,1.1731458437291142,0.15968890442151623,0.5294087558774079,0.6359944311898248,OT,univariate target-only,fastdtw_rolling_origin_scaled_variation_diagnostics,,lookback_sensitivity,720
ETTm1,PatchTST_L720,720,46080,0.03579191025536185,0.15282621218853354,0.06117837267399921,0.04338204049217694,0.7863047633321141,0.24041080937850412,0.5661144004883093,0.568959082534298,OT,univariate target-only,fastdtw_rolling_origin_scaled_variation_diagnostics,,lookback_sensitivity,720
ETTm1,iTransformer_L720,720,46080,0.04108788917926037,0.16052576514235703,0.07969653492545757,0.03086545237307886,0.4165518691367909,0.8757442653799625,0.16975265490307556,1.773412813679369,OT,univariate target-only,fastdtw_rolling_origin_scaled_variation_diagnostics,,lookback_sensitivity,720
ETTm1,DLinear_L336,720,48960,0.04711354098711364,0.18083175001273366,0.08002987787700318,0.045205610021786496,0.8615417921275599,0.14903170169851604,0.37564821056670683,0.979102157122931,OT,univariate target-only,fastdtw_rolling_origin_scaled_variation_diagnostics,,lookback_sensitivity,336
ETTm1,PatchTST_L336,720,48960,0.04462208882998182,0.17585617006738816,0.0837813068888742,0.03554230768210937,0.44094752821834154,0.8188293715678484,0.39644141243211123,0.9252269854364672,OT,univariate target-only,fastdtw_rolling_origin_scaled_variation_diagnostics,,lookback_sensitivity,336
ETTm1,iTransformer_L336,720,48960,0.0313751850510763,0.1494397030297464,0.08777298505828457,0.01422276512228769,0.40847795263086384,0.8953173131853428,0.41321533686981593,0.8837864009215034,OT,univariate target-only,fastdtw_rolling_origin_scaled_variation_diagnostics,,lookback_sensitivity,336
ETTm1,DLinear_L720,720,48960,0.03476634817175076,0.1580097932189107,0.06451038774667457,0.09711549718776691,1.3195620220884585,0.2772998876701342,0.5983746294166777,0.5135382338739024,OT,univariate target-only,fastdtw_rolling_origin_scaled_variation_diagnostics,,lookback_sensitivity,720
ETTm1,PatchTST_L720,720,48960,0.039369315279088705,0.14741587489131855,0.04879343947947032,0.032526762387564266,1.2059017911679868,0.18722766975593755,0.5904195102334372,0.5269219435164226,OT,univariate target-only,fastdtw_rolling_origin_scaled_variation_diagnostics,,lookback_sensitivity,720
ETTm1,iTransformer_L720,720,48960,0.027962996119677747,0.14133570808981946,0.07825125304393228,0.012695316552546946,0.4433858764564848,0.8133148125805731,0.6326267895292832,0.4578746049085173,OT,univariate target-only,fastdtw_rolling_origin_scaled_variation_diagnostics,,lookback_sensitivity,720
ETTm1,DLinear_L336,720,51840,0.028400926793392255,0.1361205271608092,0.04642720354529908,0.007546697087712713,1.0730331866610323,0.07048940134429375,0.8091129425913942,0.21181675165552802,OT,univariate target-only,fastdtw_rolling_origin_scaled_variation_diagnostics,,lookback_sensitivity,336
ETTm1,PatchTST_L336,720,51840,0.08496748065123258,0.22982434330021487,0.11330781953042171,0.005998702134089096,0.7608588764616143,0.2733073700343359,0.907527022103843,0.09703192584451702,OT,univariate target-only,fastdtw_rolling_origin_scaled_variation_diagnostics,,lookback_sensitivity,336
ETTm1,iTransformer_L336,720,51840,0.027253373719303812,0.13044566003008853,0.041376605809527824,0.006181796777429724,0.37223223797020744,0.9882372970166473,0.8559182737663668,0.15558037028702504,OT,univariate target-only,fastdtw_rolling_origin_scaled_variation_diagnostics,,lookback_sensitivity,336
ETTm1,DLinear_L720,720,51840,0.024697241825971616,0.12354862544471913,0.047888814608739214,0.006549824340964823,0.9475531154287075,0.053872274543321434,0.6837718458574349,0.38013096106585903,OT,univariate target-only,fastdtw_rolling_origin_scaled_variation_diagnostics,,lookback_sensitivity,720
ETTm1,PatchTST_L720,720,51840,0.02608871054503358,0.12823891548049826,0.04046177810783974,0.009917287868676758,0.7817819699543913,0.24617937532050407,0.7750904108705622,0.2547755843434011,OT,univariate target-only,fastdtw_rolling_origin_scaled_variation_diagnostics,,lookback_sensitivity,720
ETTm1,iTransformer_L720,720,51840,0.025042191004253603,0.12623932968655863,0.047442388719450286,0.010482444338925822,0.30234066849186597,1.1962008229287955,0.5491971875267729,0.5992977079295033,OT,univariate target-only,fastdtw_rolling_origin_scaled_variation_diagnostics,,lookback_sensitivity,720
ETTm1,DLinear_L336,720,54000,0.053697406951578625,0.2044522771445166,0.07472769932093778,0.023134200254175744,1.2208794581579514,0.19957147457850094,0.6019773778529872,0.5075353960847758,OT,univariate target-only,fastdtw_rolling_origin_scaled_variation_diagnostics,,lookback_sensitivity,336
ETTm1,PatchTST_L336,720,54000,0.12025887983259531,0.3147336768715802,0.1462180315471497,0.06732024719880386,0.7947426969543405,0.2297368557613691,0.6186088281657975,0.48028213146530757,OT,univariate target-only,fastdtw_rolling_origin_scaled_variation_diagnostics,,lookback_sensitivity,336
ETTm1,iTransformer_L336,720,54000,0.04132170544467913,0.17582574497041353,0.09339926554835808,0.016078573388203017,0.3015972915680608,1.1986625899438625,0.3796308428033957,0.9685559384064018,OT,univariate target-only,fastdtw_rolling_origin_scaled_variation_diagnostics,,lookback_sensitivity,336
ETTm1,DLinear_L720,720,54000,0.08630219832999377,0.2701069264481027,0.13950097186466806,0.06341146377227791,1.3258332094308014,0.28204110665154797,0.4915896978665362,0.7101108375010045,OT,univariate target-only,fastdtw_rolling_origin_scaled_variation_diagnostics,,lookback_sensitivity,720
ETTm1,PatchTST_L720,720,54000,0.09463481963779752,0.2792213054111577,0.11052826553559808,0.042586902265216574,0.8636351045305878,0.1466049205259249,0.5391193995378979,0.6178181935779368,OT,univariate target-only,fastdtw_rolling_origin_scaled_variation_diagnostics,,lookback_sensitivity,720
ETTm1,iTransformer_L720,720,54000,0.07687168154640475,0.2528937985965496,0.1423015030517681,0.06749736374549462,0.2675386524434247,1.3184911905911072,0.32233780874289225,1.132155156855636,OT,univariate target-only,fastdtw_rolling_origin_scaled_variation_diagnostics,,lookback_sensitivity,720
ETTm1,DLinear_L336,720,56880,0.03309421810225695,0.14663152101954727,0.07687419240065388,0.005116047668038409,1.4970601225965772,0.4035032733659377,0.4538722531040053,0.7899394793313531,OT,univariate target-only,fastdtw_rolling_origin_scaled_variation_diagnostics,,lookback_sensitivity,336
ETTm1,PatchTST_L336,720,56880,0.02815639973985827,0.1370231631816896,0.0782276489180741,0.003542685337225567,0.7340660966899779,0.30915619081278073,0.32631653593415866,1.1198873689327566,OT,univariate target-only,fastdtw_rolling_origin_scaled_variation_diagnostics,,lookback_sensitivity,336
ETTm1,iTransformer_L336,720,56880,0.036466847149879,0.15779686822609365,0.09472698209054853,0.003917432358923419,0.31650742673714,1.1504085408741413,0.192852067390189,1.6458318223341217,OT,univariate target-only,fastdtw_rolling_origin_scaled_variation_diagnostics,,lookback_sensitivity,336
ETTm1,DLinear_L720,720,56880,0.030913534598025993,0.13722198097819596,0.06008083477154655,0.003935730020733202,1.3095518406351816,0.2696849799321635,0.4390315897473558,0.823183887296222,OT,univariate target-only,fastdtw_rolling_origin_scaled_variation_diagnostics,,lookback_sensitivity,720
ETTm1,PatchTST_L720,720,56880,0.03626524141215617,0.14187433004270372,0.05985933938249707,0.0038091428059545914,0.8110655956822328,0.20940633333923128,0.3592967496651912,1.023606603369261,OT,univariate target-only,fastdtw_rolling_origin_scaled_variation_diagnostics,,lookback_sensitivity,720
ETTm1,iTransformer_L720,720,56880,0.033938957623529734,0.1511963856628407,0.09896344361888222,0.005874960804928434,0.26065418396186296,1.3445606775009127,0.2290297333140879,1.4739034003943918,OT,univariate target-only,fastdtw_rolling_origin_scaled_variation_diagnostics,,lookback_sensitivity,720
Weather,DLinear_L336,720,42063,0.0015330836421404966,0.03225848362391034,0.014223788532172729,0.0020495440572256213,1.3152372116549822,0.27401704605600447,0.2511592388043073,1.381668083645673,OT,univariate target-only,fastdtw_rolling_origin_scaled_variation_diagnostics,,lookback_sensitivity,336
Weather,PatchTST_L336,720,42063,0.0012010939664165784,0.02864573855535197,0.010798077224917832,0.008823167778867685,0.8631583291710714,0.14715712944310583,0.4220656444250825,0.8625943978409583,OT,univariate target-only,fastdtw_rolling_origin_scaled_variation_diagnostics,,lookback_sensitivity,336
Weather,iTransformer_L336,720,42063,0.0010609163879197355,0.026775464617736895,0.020353696607013656,0.0009634738905572238,0.38201406987350683,0.962297812747203,0.056354466529248075,2.8760936001388298,OT,univariate target-only,fastdtw_rolling_origin_scaled_variation_diagnostics,,lookback_sensitivity,336
Weather,DLinear_L720,720,42063,0.0016731455028713544,0.034454308894020555,0.017430829666673153,0.0013532283653065861,1.0676899722273991,0.06549741958565672,0.22305010629233915,1.500358796034589,OT,univariate target-only,fastdtw_rolling_origin_scaled_variation_diagnostics,,lookback_sensitivity,720
Weather,PatchTST_L720,720,42063,0.001160096253536547,0.028068181683284246,0.011093858942765364,0.014241245936336761,1.369801110354043,0.31466556167740795,0.40564463389721483,0.9022777639821719,OT,univariate target-only,fastdtw_rolling_origin_scaled_variation_diagnostics,,lookback_sensitivity,720
Weather,iTransformer_L720,720,42063,0.0012508939234897622,0.028929562393674862,0.025072082069276174,0.00014643719806763287,0.17869581064418524,1.722070244643772,0.02652936376412708,3.6295027159310234,OT,univariate target-only,fastdtw_rolling_origin_scaled_variation_diagnostics,,lookback_sensitivity,720
Weather,DLinear_L336,720,44223,0.003639400767412667,0.04664735317843297,0.02765926012533045,0.0023617154647057504,1.158362006622966,0.1470069525942597,0.1819144164710949,1.7042188867013581,OT,univariate target-only,fastdtw_rolling_origin_scaled_variation_diagnostics,,lookback_sensitivity,336
Weather,PatchTST_L336,720,44223,0.0033774506170097165,0.04462006789797506,0.02700348886525182,0.07166197599864123,0.20517527164055305,1.5838906327827513,0.05803591158426218,2.8466931224864416,OT,univariate target-only,fastdtw_rolling_origin_scaled_variation_diagnostics,,lookback_sensitivity,336
Weather,iTransformer_L336,720,44223,0.002692978651134111,0.04097294584615528,0.031745810467320876,0.0015745605389778424,0.2799491482509563,1.2731472699752655,0.045633485262865266,3.08711328686984,OT,univariate target-only,fastdtw_rolling_origin_scaled_variation_diagnostics,,lookback_sensitivity,336
Weather,DLinear_L720,720,44223,0.004382872956453367,0.05137073930334637,0.03336927859478183,0.00412044147763075,0.9519106716669185,0.049284070370757056,0.16306824750301868,1.813586408142674,OT,univariate target-only,fastdtw_rolling_origin_scaled_variation_diagnostics,,lookback_sensitivity,720
Weather,PatchTST_L720,720,44223,0.0036559231054527582,0.04638100750265335,0.027605590696636456,0.020247135458061782,0.21635682914037377,1.5308262013462401,0.09253556942248066,2.3801620660144875,OT,univariate target-only,fastdtw_rolling_origin_scaled_variation_diagnostics,,lookback_sensitivity,720
Weather,iTransformer_L720,720,44223,0.003266926560979443,0.04392309496588632,0.0404081519559616,0.0002183804781977203,0.05034492471439609,2.9888572663798034,0.007854530935711953,4.846663451285114,OT,univariate target-only,fastdtw_rolling_origin_scaled_variation_diagnostics,,lookback_sensitivity,720
Weather,DLinear_L336,720,46383,0.0006757063669259929,0.01971719089375416,0.009639857775122943,0.0013720957274056867,1.922887464005416,0.6538279490367052,0.33182831889077097,1.103137525452774,OT,univariate target-only,fastdtw_rolling_origin_scaled_variation_diagnostics,,lookback_sensitivity,336
Weather,PatchTST_L336,720,46383,0.00047966909046144596,0.01657361024089282,0.007378104600931134,0.013354393087366185,0.34072023544219526,1.076693533004104,0.4088455406407469,0.8944178210535286,OT,univariate target-only,fastdtw_rolling_origin_scaled_variation_diagnostics,,lookback_sensitivity,336
Weather,iTransformer_L336,720,46383,0.0005155077849223896,0.018231737889492332,0.013632489187212122,0.002395152746618386,0.5763236288872324,0.5510859030097031,0.07834060084974964,2.546689153356551,OT,univariate target-only,fastdtw_rolling_origin_scaled_variation_diagnostics,,lookback_sensitivity,336
Weather,DLinear_L720,720,46383,0.0003545089170590328,0.015316758769312185,0.004798505561526632,0.012511522788154077,3.1063417329408427,1.133445745377428,0.639476127040495,0.4471059736860537,OT,univariate target-only,fastdtw_rolling_origin_scaled_variation_diagnostics,,lookback_sensitivity,720
Weather,PatchTST_L720,720,46383,0.0002553406924975507,0.012789775074182773,0.005376342751600406,0.0055775754443606025,0.7568308715786602,0.27861545660835757,0.7200578090493069,0.32842376596109996,OT,univariate target-only,fastdtw_rolling_origin_scaled_variation_diagnostics,,lookback_sensitivity,720
Weather,iTransformer_L720,720,46383,0.0006486670015723871,0.022246519099264197,0.01922467858043917,0.0015137415824915826,0.4876250478036346,0.7182084926141605,0.0663991514812583,2.7120708508737894,OT,univariate target-only,fastdtw_rolling_origin_scaled_variation_diagnostics,,lookback_sensitivity,720
Weather,DLinear_L336,720,49263,0.0010705173086869074,0.024590730314964893,0.01028406544320746,0.03699965243303146,3.522354472346543,1.2591296530350495,0.6482414495537071,0.4334920292684183,OT,univariate target-only,fastdtw_rolling_origin_scaled_variation_diagnostics,,lookback_sensitivity,336
Weather,PatchTST_L336,720,49263,0.001281011867757257,0.0267872307491671,0.010848700876906927,0.014325852545253587,0.7457115858360429,0.2934163542836891,0.5976776783138317,0.514703653087712,OT,univariate target-only,fastdtw_rolling_origin_scaled_variation_diagnostics,,lookback_sensitivity,336
Weather,iTransformer_L336,720,49263,0.0012499504521633973,0.02981782005297504,0.017227501068726753,0.01172438633294753,1.6248924285406483,0.4854416219236423,0.2708354224018778,1.306243903069455,OT,univariate target-only,fastdtw_rolling_origin_scaled_variation_diagnostics,,lookback_sensitivity,336
Weather,DLinear_L720,720,49263,0.001598753783150733,0.03014121858156357,0.01311237234842758,0.020885635333268242,2.1436232557856734,0.762497512183723,0.387112087322312,0.9490409707312955,OT,univariate target-only,fastdtw_rolling_origin_scaled_variation_diagnostics,,lookback_sensitivity,720
Weather,PatchTST_L720,720,49263,0.0022958760225674016,0.037912027821620224,0.01565127142502611,0.015008698629776853,1.0000125164926597,1.2526414203738501e-05,0.4750429262052066,0.7443500870216462,OT,univariate target-only,fastdtw_rolling_origin_scaled_variation_diagnostics,,lookback_sensitivity,720
Weather,iTransformer_L720,720,49263,0.001031343967479405,0.023646190122480554,0.015803609210004416,0.0014086876386477623,0.5423987729540627,0.6117537861747246,0.09115997292669192,2.395139261894141,OT,univariate target-only,fastdtw_rolling_origin_scaled_variation_diagnostics,,lookback_sensitivity,720
Weather,DLinear_L336,720,51423,0.0004075228860039243,0.017555206836690873,0.004819057821423527,0.016588366368586585,4.283456578501184,1.4547602977846799,1.0166025530167013,0.0164662471928433,OT,univariate target-only,fastdtw_rolling_origin_scaled_variation_diagnostics,,lookback_sensitivity,336
Weather,PatchTST_L336,720,51423,0.00065069153690893,0.023356821551498857,0.006992592181756967,0.017791909590663884,0.7669302845028177,0.26535936244514985,0.8822665615928966,0.1252610332731574,OT,univariate target-only,fastdtw_rolling_origin_scaled_variation_diagnostics,,lookback_sensitivity,336
Weather,iTransformer_L336,720,51423,0.0009494188796883188,0.028712348920670788,0.025753571886278064,7.25138791831664e-05,1.5011487204281773,0.40623063530288805,0.29861358566065693,1.2086048635650848,OT,univariate target-only,fastdtw_rolling_origin_scaled_variation_diagnostics,,lookback_sensitivity,336
Weather,DLinear_L720,720,51423,0.0005158314715143673,0.019738448036414006,0.007915284002993303,0.009076737627365355,3.214549147990649,1.1676871170602596,0.9855014908221993,0.014604629486209915,OT,univariate target-only,fastdtw_rolling_origin_scaled_variation_diagnostics,,lookback_sensitivity,720
Weather,PatchTST_L720,720,51423,0.0007845879970585575,0.02485989385355148,0.009212623003776038,0.03465333483579839,0.7370978365109235,0.3050346323609303,1.306531877596596,0.2673762125667152,OT,univariate target-only,fastdtw_rolling_origin_scaled_variation_diagnostics,,lookback_sensitivity,720
Weather,iTransformer_L720,720,51423,0.0011453777087556708,0.031716287962702684,0.02880839418302239,0.0005409274161921345,1.0580799476687102,0.05645590493656856,0.20230865886868055,1.5979606841759677,OT,univariate target-only,fastdtw_rolling_origin_scaled_variation_diagnostics,,lookback_sensitivity,720
